question,options,correct_options,hint
"Under the Western Australian Relationship and Handshake Standard, why is pure digital presence weighted at only 10% in the overall evaluation model?",Digital presence functions strictly as a secondary verification mechanism after initial trust and relationship contact are established. | Western Australian small businesses operate almost exclusively offline without internet access or web browsers. | Search engine optimization and automated marketing pixels are legally prohibited under Western Australian commercial regulations. | Automated sales funnels generate higher profit margins than personal advisory services in regional markets.,Digital presence functions strictly as a secondary verification mechanism after initial trust and relationship contact are established.,Consider the functional role a website plays when trust is established through personal networks rather than search algorithms.
Which qualification parameters must be explicitly co-located alongside headline promotional offers for the government-subsidised website advisory program to avoid misleading pricing conduct?,"The requirement for the business to hold an active Australian Business Number (ABN). | Operational restriction to for-profit businesses with fewer than twenty employees. | Geographical residency limited to Western Australia, Queensland, or the Northern Territory. | Clarification that the $110 rate covers five consulting hours, after which standard commercial rates apply. | Full exemption from all post-program hourly consulting fees for a period of twelve months.","The requirement for the business to hold an active Australian Business Number (ABN). | Operational restriction to for-profit businesses with fewer than twenty employees. | Geographical residency limited to Western Australia, Queensland, or the Northern Territory. | Clarification that the $110 rate covers five consulting hours, after which standard commercial rates apply.",Identify the statutory criteria required by the Commonwealth and the specific limits on advisory time included in the package.
Publishing unvetted member directory listings that promise systemic healing or therapeutic relief exposes an advisory association to secondary regulatory liability under which statutory instrument?,Therapeutic Goods Advertising Code 2021 | Privacy Act 1988 (Cth) | Corporations Act 2001 (Cth) | Fair Work Act 2009,Therapeutic Goods Advertising Code 2021,Focus on the legislation governing health-related claims and promotional representations in commercial media.
What direct financial action do major payment processors like Stripe or Square take when automated compliance scrapers detect unvetted therapeutic claims or disconnected promotional pricing on a linked domain?,"They execute automated merchant cashflow freezes, holding operational revenues in reserves of 20% to 100% for up to 180 days. | They automatically issue full refunds to all historical clients without notifying the merchant account holder. | They transfer the business's registered domain name directly to regulatory authorities like the ACCC. | They automatically file criminal fraud charges against the organisation's board of directors.","They execute automated merchant cashflow freezes, holding operational revenues in reserves of 20% to 100% for up to 180 days.",Think about how financial intermediaries protect themselves against risk when compliance scrapers flag website policy violations.
Which of the following governance credentials contribute to the institutional stability and practitioner authority of Business One Stop Shop (BOSS)?,Founder leadership with small-business advisory experience dating continuously from 2005. | Accreditation as an Authorised Squarespace Trainer held by the founder. | Financial oversight by a Chartered Accountant with four decades of executive CFO experience. | Secretarial leadership holding formal Graduate status with the Australian Institute of Company Directors (GAICD).,Founder leadership with small-business advisory experience dating continuously from 2005. | Accreditation as an Authorised Squarespace Trainer held by the founder. | Financial oversight by a Chartered Accountant with four decades of executive CFO experience. | Secretarial leadership holding formal Graduate status with the Australian Institute of Company Directors (GAICD).,"Reflect on credentials held across executive leadership, board management, and technical platform certifications."
What primary operational risk arises when third-party mapping platforms and search scrapers display legacy web domains alongside restricted operating hours (such as 7 hours per week)?,"Prospective clients and institutional partners may assume the organisation is dormant, insolvent, or operating part-time. | The entity automatically loses its incorporated status with the Western Australian state government. | Google search engines permanently de-index the active primary domain from all global search results. | Telecommunications providers automatically disconnect the primary administrative mobile number.","Prospective clients and institutional partners may assume the organisation is dormant, insolvent, or operating part-time.",Consider how conflicting verification details affect a prospective client's perception during initial due diligence.
Collecting intake information for subsidised programs and processing online registrations on a website with an empty or blank privacy policy route directly violates which framework?,Australian Privacy Principles (APPs) established under the Privacy Act 1988 (Cth) | Schedule 2 of the Competition and Consumer Act 2010 (Australian Consumer Law) | Spam Act 2003 | Electronic Transactions Act 1999,Australian Privacy Principles (APPs) established under the Privacy Act 1988 (Cth),Focus on federal legislation that governs how organisations handle personal data and privacy declarations.
"According to the 7-day immediate remediation strategy, which actions are scheduled for completion within the first two days?","Co-locating full eligibility terms and post-program hourly rates directly adjacent to headline pricing. | Publishing an enforceable, Western Australian-calibrated operational privacy policy on the site. | Replacing public placeholder text on premium program portals with clear diagnostic criteria. | Deploying internal back-office AI tools for transcribing post-consultation intake notes.","Co-locating full eligibility terms and post-program hourly rates directly adjacent to headline pricing. | Publishing an enforceable, Western Australian-calibrated operational privacy policy on the site.",Consider which risks pose immediate financial or statutory liabilities that must be neutralized right at the start of the week.
"How should artificial intelligence be integrated into an advisory practice operating within a high-touch, handshake-driven market?",Confined strictly to internal back-office administrative tasks like note transcription and inquiry sorting. | Deployed as customer-facing conversational chatbots to replace initial personal advisory consultations. | Utilized to automatically generate therapeutic wellness copy for directory members. | Implemented to execute automated sales funnels and aggressive email retargeting campaigns.,Confined strictly to internal back-office administrative tasks like note transcription and inquiry sorting.,Think about maintaining personal rapport while leveraging automation for back-end efficiency.
What technical redirection configuration is required to resolve domain citation fragmentation between legacy web addresses and the active domain?,A permanent host-level wildcard 301 server redirect from the legacy domain directly to the active domain. | A temporary 302 redirect pointed to an external social media profile. | A meta refresh tag placed exclusively on the site's primary contact page. | A duplicate website installation hosted simultaneously on a separate web server.,A permanent host-level wildcard 301 server redirect from the legacy domain directly to the active domain.,Identify the standard server-side redirect protocol that permanently transfers all inbound traffic and link equity.
What operational advantages does a lean Squarespace architecture offer an advisory organisation over complex enterprise software stacks?,"Elimination of high recurring software overheads. | Maintenance of a fluid, mobile-responsive baseline presence without technical bloat. | Redirection of saved financial resources toward low-cost community education and advocacy. | Automatic immunity from federal consumer protection laws and statutory advertising codes.","Elimination of high recurring software overheads. | Maintenance of a fluid, mobile-responsive baseline presence without technical bloat. | Redirection of saved financial resources toward low-cost community education and advocacy.","Focus on financial stewardship, site maintainability, and resource allocation benefits."
"To insulate an advisory directory from secondary publishing liability under the Therapeutic Goods Advertising Code 2021, how should complementary health provider descriptions be framed?","Centered strictly on somatic relaxation, physical calm, and general well-being. | Highlighting specific clinical cures and pathology treatments for chronic illnesses. | Including verified medical claims certified by international pharmaceutical boards. | Promising guaranteed relief from underlying medical conditions within specific timelines.","Centered strictly on somatic relaxation, physical calm, and general well-being.",Consider non-clinical language that emphasizes general comfort and relaxation rather than medical treatment.